alpha,alpha_est_PCov,alpha_est_NoPCov
0.05,0.047428,0.058046
0.1,0.09678,0.10207
0.15,0.14498,0.1505
0.2,0.19446,0.2011
0.25,0.24088,0.24687
