size,time,bits
9,0.031666666666667,100
12,0.066944444444445,100
15,0.116666666666667,100
18,0.538611111111111,200
21,0.813055555555555,200
24,2.84027777777778,200
27,3.86805555555556,250
30,9.37777777777778,250
33,12.2611111111111,300
